{
    "12":{
        "freq":{
            "step":0.0290088638195004,
            "minVal":433.02899169921875,
            "maxVal":433.0559997558594,
            "data":[
                5818
            ]
        },
        "band":{
            "step":0.0290088638195004,
            "minVal":0.093019999563694,
            "maxVal":0.12852999567985535,
            "data":[
                5097,
                721
            ]
        },
        "dbm":{
            "step":0.5,
            "minVal":-86.77799987792969,
            "maxVal":-83.16699981689453,
            "data":[
                432,
                96,
                384,
                2017,
                624,
                625,
                1496,
                144
            ]
        },
        "snr":{
            "step":0.5,
            "minVal":10.07699966430664,
            "maxVal":12.333000183105469,
            "data":[
                528,
                1248,
                2500,
                1153,
                389
            ]
        }
    },
    "13":{
        "freq":{
            "step":0.0290088638195004,
            "minVal":434.406005859375,
            "maxVal":434.42584228515625,
            "data":[
                3597
            ]
        },
        "band":{
            "step":0.0290088638195004,
            "minVal":0.13639000058174133,
            "maxVal":0.15727999806404114,
            "data":[
                3597
            ]
        },
        "dbm":{
            "step":0.5,
            "minVal":-52.30799865722656,
            "maxVal":-40.16699981689453,
            "data":[
                90,
                30,
                29,
                0,
                60,
                0,
                90,
                89,
                30,
                120,
                119,
                178,
                1461,
                267,
                59,
                148,
                89,
                118,
                148,
                119,
                60,
                88,
                117,
                59,
                29
            ]
        },
        "snr":{
            "step":0.5,
            "minVal":43.16699981689453,
            "maxVal":54.33300018310547,
            "data":[
                89,
                59,
                0,
                30,
                30,
                29,
                90,
                60,
                179,
                88,
                150,
                1401,
                148,
                206,
                119,
                90,
                118,
                88,
                179,
                148,
                147,
                90,
                59
            ]
        }
    },
    "14":{
        "freq":{
            "step":0.0290088638195004,
            "minVal":435.0,
            "maxVal":435.0060119628906,
            "data":[
                7105
            ]
        },
        "band":{
            "step":0.0290088638195004,
            "minVal":0.12443999946117401,
            "maxVal":0.1437399983406067,
            "data":[
                7105
            ]
        },
        "dbm":{
            "step":0.5,
            "minVal":-66.38500213623047,
            "maxVal":-61.69200134277344,
            "data":[
                351,
                352,
                353,
                527,
                2345,
                590,
                763,
                824,
                528,
                472
            ]
        },
        "snr":{
            "step":0.5,
            "minVal":31.0,
            "maxVal":34.69200134277344,
            "data":[
                410,
                643,
                588,
                2583,
                647,
                1117,
                647,
                470
            ]
        }
    },
    "15":{
        "freq":{
            "step":0.0290088638195004,
            "minVal":435.4049987792969,
            "maxVal":435.4219970703125,
            "data":[
                6958
            ]
        },
        "band":{
            "step":0.0290088638195004,
            "minVal":0.12263999879360199,
            "maxVal":0.1667100042104721,
            "data":[
                6096,
                862
            ]
        },
        "dbm":{
            "step":0.5,
            "minVal":-74.23100280761719,
            "maxVal":0.0,
            "data":[
                58,
                289,
                346,
                751,
                576,
                580,
                2241,
                230,
                345,
                628,
                286,
                342,
                285,
                0,
                0,
                0,
                0,
                0,
                0,
                0,
                0,
                0,
                0,
                0,
                0,
                0,
                0,
                0,
                0,
                0,
                0,
                0,
                0,
                0,
                0,
                0,
                0,
                0,
                0,
                0,
                0,
                0,
                0,
                0,
                0,
                0,
                0,
                0,
                0,
                0,
                0,
                0,
                0,
                0,
                0,
                0,
                0,
                0,
                0,
                0,
                0,
                0,
                0,
                0,
                0,
                0,
                0,
                0,
                0,
                0,
                0,
                0,
                0,
                0,
                0,
                0,
                0,
                0,
                0,
                0,
                0,
                0,
                0,
                0,
                0,
                0,
                0,
                0,
                0,
                0,
                0,
                0,
                0,
                0,
                0,
                0,
                0,
                0,
                0,
                0,
                0,
                0,
                0,
                0,
                0,
                0,
                0,
                0,
                0,
                0,
                0,
                0,
                0,
                0,
                0,
                0,
                0,
                0,
                0,
                0,
                0,
                0,
                0,
                0,
                0,
                0,
                0,
                0,
                0,
                0,
                0,
                0,
                0,
                0,
                0,
                0,
                0,
                0,
                0,
                0,
                0,
                0,
                0,
                0,
                0,
                0,
                0,
                0,
                1
            ]
        },
        "snr":{
            "step":0.5,
            "minVal":22.299999237060547,
            "maxVal":27.91699981689453,
            "data":[
                347,
                173,
                691,
                404,
                753,
                2471,
                574,
                173,
                229,
                401,
                571,
                171
            ]
        }
    },
    "17":{
        "freq":{
            "step":0.0290088638195004,
            "minVal":437.1839904785156,
            "maxVal":437.2403564453125,